NS001,Narrative,Awori,Describe the historical evolution of Awori settlement patterns in Lagos.
NS002,Narrative,Awori,Summarize how Awori land tenure practices developed over time.
NS003,Narrative,Awori,Narrate the role of oral tradition in preserving Awori history.
NS004,Narrative,Awori,Explain how Awori cultural identity has been shaped by urbanization.
NS005,Narrative,Awori,Describe traditional Awori governance structures and their functions.
NS006,Narrative,Awori,Narrate the cultural significance of Awori festivals.
NS007,Narrative,Awori,Explain relationships between Awori communities and neighboring groups.
NS008,Narrative,Awori,Describe changes in Awori ritual practices across generations.
NS009,Narrative,Awori,Narrate how Awori ancestral worship is practiced.
NS010,Narrative,Awori,Explain the importance of lineage in Awori social organization.
NS011,Narrative,Ogu,Describe the historical origins of the Ogu people in coastal Lagos.
NS012,Narrative,Ogu,Narrate the role of maritime trade in shaping Ogu culture.
NS013,Narrative,Ogu,Explain how cross-border migration influenced Ogu identity.
NS014,Narrative,Ogu,Describe the transmission of Ogu oral histories.
NS015,Narrative,Ogu,Narrate the cultural meaning of Ogu festivals.
NS016,Narrative,Ogu,Explain traditional Ogu leadership structures.
NS017,Narrative,Ogu,Describe the relationship between Ogu communities and the sea.
NS018,Narrative,Ogu,Narrate how colonial history affected Ogu cultural practices.
NS019,Narrative,Ogu,Explain the role of elders in Ogu knowledge preservation.
NS020,Narrative,Ogu,Describe the continuity of Ogu traditions across generations.
