SUM001,Summarization,Awori,Summarize the key features of Awori land tenure traditions.
SUM002,Summarization,Awori,Summarize oral accounts of Awori settlement history.
SUM003,Summarization,Awori,Summarize the role of rituals in Awori culture.
SUM004,Summarization,Awori,Summarize how Awori governance operates traditionally.
SUM005,Summarization,Awori,Summarize the significance of Awori festivals.
SUM006,Summarization,Awori,Summarize Awori ancestral worship practices.
SUM007,Summarization,Awori,Summarize the impact of urbanization on Awori traditions.
SUM008,Summarization,Awori,Summarize Awori lineage-based social organization.
SUM009,Summarization,Awori,Summarize the historical relationship between Awori and Lagos.
SUM010,Summarization,Awori,Summarize the preservation of Awori oral histories.
SUM011,Summarization,Ogu,Summarize the historical origins of the Ogu people.
SUM012,Summarization,Ogu,Summarize the importance of maritime culture to the Ogu.
SUM013,Summarization,Ogu,Summarize Ogu oral traditions and storytelling practices.
SUM014,Summarization,Ogu,Summarize traditional Ogu leadership systems.
SUM015,Summarization,Ogu,Summarize the cultural role of festivals in Ogu communities.
SUM016,Summarization,Ogu,Summarize Ogu cross-border cultural connections.
SUM017,Summarization,Ogu,Summarize the effects of colonial borders on Ogu identity.
SUM018,Summarization,Ogu,Summarize the role of elders in Ogu knowledge systems.
SUM019,Summarization,Ogu,Summarize traditional Ogu economic practices.
SUM020,Summarization,Ogu,Summarize the transmission of Ogu cultural values.
